rank, name, weight(2JHC), weight(1JHC), weight(3JHH), weight(3JHC), weight(2JHH), weight(1JHN), weight(3JHN), weight(2JHN)
1, hybrid, 0.175, 0.332, 0.130, 0.217, 0.087, 0.018, 0.193, 0.123
2, Quantum Uncertainty, 0.297, 0.259, 0.232, 0.272, 0.112, 0.110, 0.414, 0.389
3, [kakr] Solve chem together, 0.235, 0.075, 0.351, 0.188, 0.166, 0.000, 0.084, 0.190
4, Hyperspatial Engineers, 0.175, 0.154, 0.145, 0.210, 0.275, 0.000, 0.123, 0.108
5, DL guys, 0.030, 0.092, 0.000, 0.039, 0.000, 0.041, 0.001, 0.010
6, Robin N, 0.000, 0.000, 0.000, 0.000, 0.029, 0.290, 0.000, 0.000
7, Pinkman Chemistry Lab, 0.000, 0.000, 0.000, 0.000, 0.048, 0.190, 0.000, 0.000
8, 4 GM and the brain, 0.000, 0.000, 0.000, 0.000, 0.000, 0.000, 0.000, 0.000
9, Jaechang Lim, 0.000, 0.000, 0.000, 0.000, 0.000, 0.000, 0.000, 0.000
10, Kha Zidmie Josh Kyle Akira, 0.000, 0.000, 0.000, 0.000, 0.000, 0.136, 0.000, 0.000
11, jacobkie, 0.000, 0.000, 0.000, 0.000, 0.033, 0.000, 0.000, 0.000
12, Team Bird Brain, 0.087, 0.075, 0.142, 0.074, 0.169, 0.184, 0.185, 0.181
13, KM, 0.000, 0.000, 0.000, 0.000, 0.081, 0.003, 0.000, 0.000
14, Squid, 0.000, 0.000, 0.000, 0.000, 0.000, 0.000, 0.000, 0.000
15, Bra Ket, 0.000, 0.000, 0.000, 0.000, 0.000, 0.000, 0.000, 0.000
16, , 0.000, 0.000, 0.000, 0.000, 0.000, 0.000, 0.000, 0.000
17, On arriiiiiiive, 0.000, 0.000, 0.000, 0.000, 0.000, 0.000, 0.000, 0.000
18, TUM KDD, 0.000, 0.013, 0.000, 0.000, 0.000, 0.000, 0.000, 0.000
19, toshi_k, 0.000, 0.000, 0.000, 0.000, 0.000, 0.000, 0.000, 0.000
20, K V Z F O, 0.000, 0.000, 0.000, 0.000, 0.000, 0.000, 0.000, 0.000
21, sweet, 0.000, 0.000, 0.000, 0.000, 0.000, 0.000, 0.000, 0.000
22, Vanilla SchNet Tony Y, 0.000, 0.000, 0.000, 0.000, 0.000, 0.025, 0.000, 0.000
23, fugusuki, 0.000, 0.000, 0.000, 0.000, 0.000, 0.000, 0.000, 0.000
24, haha nice, 0.000, 0.000, 0.000, 0.000, 0.000, 0.000, 0.000, 0.000
25, daimaru, 0.000, 0.000, 0.000, 0.000, 0.000, 0.000, 0.000, 0.000
26, bananas, 0.000, 0.000, 0.000, 0.000, 0.000, 0.000, 0.000, 0.000
27, Twins, 0.000, 0.000, 0.000, 0.000, 0.000, 0.000, 0.000, 0.000
28, Walter White, 0.000, 0.000, 0.000, 0.000, 0.000, 0.000, 0.000, 0.000
29, paohinokkynyanpShun_PIcolun, 0.000, 0.000, 0.000, 0.000, 0.000, 0.000, 0.000, 0.000
30, QuMantum Field Theory, 0.000, 0.000, 0.000, 0.000, 0.000, 0.000, 0.000, 0.000
31, hklee, 0.000, 0.000, 0.000, 0.000, 0.000, 0.000, 0.000, 0.000
32, Mike, 0.000, 0.000, 0.000, 0.000, 0.000, 0.000, 0.000, 0.000
33, Rapidsai Clara, 0.000, 0.000, 0.000, 0.000, 0.000, 0.000, 0.000, 0.000
34, Transformers, 0.000, 0.000, 0.000, 0.000, 0.000, 0.000, 0.000, 0.000
35, Alamjeet Singh, 0.000, 0.000, 0.000, 0.000, 0.000, 0.000, 0.000, 0.000
36, C14H9Cl5, 0.000, 0.000, 0.000, 0.000, 0.000, 0.000, 0.000, 0.000
37, CHIMPS, 0.000, 0.000, 0.000, 0.000, 0.000, 0.000, 0.000, 0.000
38, , 0.000, 0.000, 0.000, 0.000, 0.000, 0.000, 0.000, 0.000
39, Support Vector Machines or else, 0.000, 0.000, 0.000, 0.000, 0.000, 0.000, 0.000, 0.000
40, DavidTen, 0.000, 0.000, 0.000, 0.000, 0.000, 0.000, 0.000, 0.000
41, naknak, 0.000, 0.000, 0.000, 0.000, 0.000, 0.000, 0.000, 0.000
42, The meme team, 0.000, 0.000, 0.000, 0.000, 0.000, 0.000, 0.000, 0.000
43, 2 Experts and the farmer, 0.000, 0.000, 0.000, 0.000, 0.000, 0.000, 0.000, 0.000
44, Eureka, 0.000, 0.000, 0.000, 0.000, 0.000, 0.000, 0.000, 0.000
45, ML kickoff, 0.000, 0.000, 0.000, 0.000, 0.000, 0.000, 0.000, 0.000
46, Sebastian Dick, 0.000, 0.000, 0.000, 0.000, 0.000, 0.000, 0.000, 0.000
47, WaterWater, 0.000, 0.000, 0.000, 0.000, 0.000, 0.000, 0.000, 0.000
48, Fukyouwaon, 0.000, 0.000, 0.000, 0.000, 0.000, 0.000, 0.000, 0.000
49, slider, 0.000, 0.000, 0.000, 0.000, 0.000, 0.000, 0.000, 0.000
50, GaoYL, 0.000, 0.000, 0.000, 0.000, 0.000, 0.000, 0.000, 0.000
51, [odsai] Feature Engineered No GNN, 0.000, 0.000, 0.000, 0.000, 0.000, 0.000, 0.000, 0.000
52, Zhuang Jia, 0.000, 0.000, 0.000, 0.000, 0.000, 0.000, 0.000, 0.000
53, Mickey, 0.000, 0.000, 0.000, 0.000, 0.000, 0.000, 0.000, 0.000
54, daijin12, 0.000, 0.000, 0.000, 0.000, 0.000, 0.000, 0.000, 0.000
55, Optimo, 0.000, 0.000, 0.000, 0.000, 0.000, 0.000, 0.000, 0.000
56, julianmukaj, 0.000, 0.000, 0.000, 0.000, 0.000, 0.000, 0.000, 0.000
57, Fools Gold, 0.000, 0.000, 0.000, 0.000, 0.000, 0.000, 0.000, 0.000
58, Hung, 0.000, 0.000, 0.000, 0.000, 0.000, 0.000, 0.000, 0.000
59, [odsai] Anton Bazdyrev, 0.000, 0.000, 0.000, 0.000, 0.000, 0.000, 0.000, 0.000
60, Vicens Gaitan No QM9, 0.000, 0.000, 0.000, 0.000, 0.000, 0.000, 0.000, 0.000
61, Kernel_Master, 0.000, 0.000, 0.000, 0.000, 0.000, 0.000, 0.000, 0.000
62, Ashesh, 0.000, 0.000, 0.000, 0.000, 0.000, 0.000, 0.000, 0.000
63, los pollos has status running, 0.000, 0.000, 0.000, 0.000, 0.000, 0.000, 0.000, 0.000
64, Peppermint, 0.000, 0.000, 0.000, 0.000, 0.000, 0.000, 0.000, 0.000
65, gaowh95, 0.000, 0.000, 0.000, 0.000, 0.000, 0.000, 0.000, 0.000
66, J arrive paaaas, 0.000, 0.000, 0.000, 0.000, 0.000, 0.000, 0.000, 0.000
67, Youri Matiounine, 0.000, 0.000, 0.000, 0.000, 0.000, 0.000, 0.000, 0.000
68, Chemical Brothers, 0.000, 0.000, 0.000, 0.000, 0.000, 0.000, 0.000, 0.000
69, canorbal shakhrayv [odsai], 0.000, 0.000, 0.000, 0.000, 0.000, 0.000, 0.000, 0.000
70, Aleksandr Kosolapov, 0.000, 0.000, 0.000, 0.000, 0.000, 0.000, 0.000, 0.000
71, Pastuhi i Gus, 0.000, 0.000, 0.000, 0.000, 0.000, 0.000, 0.000, 0.000
72, lesc, 0.000, 0.000, 0.000, 0.000, 0.000, 0.000, 0.000, 0.000
73, tomo20180402, 0.000, 0.000, 0.000, 0.000, 0.000, 0.000, 0.000, 0.000
74, Altered Carbon, 0.000, 0.000, 0.000, 0.000, 0.000, 0.000, 0.000, 0.000
75, Philippe Lonjoux, 0.000, 0.000, 0.000, 0.000, 0.000, 0.000, 0.000, 0.000
76, Don Hector Salamanca, 0.000, 0.000, 0.000, 0.000, 0.000, 0.000, 0.000, 0.000
77, Ian M, 0.000, 0.000, 0.000, 0.000, 0.000, 0.000, 0.000, 0.000
78, CrystalBallpredict, 0.000, 0.000, 0.000, 0.000, 0.000, 0.000, 0.000, 0.000
79, Aindri, 0.000, 0.000, 0.000, 0.000, 0.000, 0.000, 0.000, 0.000
80, Manel, 0.000, 0.000, 0.000, 0.000, 0.000, 0.000, 0.000, 0.000
81, FabienDaniel, 0.000, 0.000, 0.000, 0.000, 0.000, 0.000, 0.000, 0.000
82, BondJamesBond, 0.000, 0.000, 0.000, 0.000, 0.000, 0.000, 0.000, 0.000
83, Little kekules, 0.000, 0.000, 0.000, 0.000, 0.000, 0.000, 0.000, 0.000
84, UpUpUp, 0.000, 0.000, 0.000, 0.000, 0.000, 0.000, 0.000, 0.000
85, Time to sleep, 0.000, 0.000, 0.000, 0.000, 0.000, 0.000, 0.000, 0.000
86, XY, 0.000, 0.000, 0.000, 0.000, 0.000, 0.000, 0.000, 0.000
87, Sora, 0.000, 0.000, 0.000, 0.000, 0.000, 0.000, 0.000, 0.000
88, [odsai] Vladislav Bakhteev, 0.000, 0.000, 0.000, 0.000, 0.000, 0.000, 0.000, 0.000
89, 30CrMnSiA, 0.000, 0.000, 0.000, 0.000, 0.000, 0.000, 0.000, 0.000
90, Love is a Parasite, 0.000, 0.000, 0.000, 0.000, 0.000, 0.000, 0.000, 0.000
91, adityasinha, 0.000, 0.000, 0.000, 0.000, 0.000, 0.000, 0.000, 0.000
92, WillZhong, 0.000, 0.000, 0.000, 0.000, 0.000, 0.000, 0.000, 0.000
93, LetsPlay, 0.000, 0.000, 0.000, 0.000, 0.000, 0.000, 0.000, 0.000
94, MykJimFafHar, 0.000, 0.000, 0.000, 0.000, 0.000, 0.000, 0.000, 0.000
95, [skydisc]wangzhaoxu, 0.000, 0.000, 0.000, 0.000, 0.000, 0.002, 0.000, 0.000
96, JuntaroMatsumoto, 0.000, 0.000, 0.000, 0.000, 0.000, 0.000, 0.000, 0.000
97, 42ATC, 0.000, 0.000, 0.000, 0.000, 0.000, 0.000, 0.000, 0.000
98, Mike Zhu, 0.000, 0.000, 0.000, 0.000, 0.000, 0.000, 0.000, 0.000
99, MoleculesLearning, 0.000, 0.000, 0.000, 0.000, 0.000, 0.000, 0.000, 0.000
100, Noise_A, 0.000, 0.000, 0.000, 0.000, 0.000, 0.000, 0.000, 0.000
101, Turbo, 0.000, 0.000, 0.000, 0.000, 0.000, 0.000, 0.000, 0.000
102, Heng Zheng, 0.000, 0.000, 0.000, 0.000, 0.000, 0.000, 0.000, 0.000
103, wayward molecules, 0.000, 0.000, 0.000, 0.000, 0.000, 0.000, 0.000, 0.000
104, Vadym, 0.000, 0.000, 0.000, 0.000, 0.000, 0.000, 0.000, 0.000
105, Hugues, 0.000, 0.000, 0.000, 0.000, 0.000, 0.000, 0.000, 0.000
106, LiDer, 0.000, 0.000, 0.000, 0.000, 0.000, 0.000, 0.000, 0.000
107, jaleto, 0.000, 0.000, 0.000, 0.000, 0.000, 0.000, 0.000, 0.000
108, CoffeeEveryday, 0.000, 0.000, 0.000, 0.000, 0.000, 0.000, 0.000, 0.000
109, Antonio Sergio, 0.000, 0.000, 0.000, 0.000, 0.000, 0.000, 0.000, 0.000
110, somnambWl, 0.000, 0.000, 0.000, 0.000, 0.000, 0.000, 0.000, 0.000
111, TYYang, 0.000, 0.000, 0.000, 0.000, 0.000, 0.000, 0.000, 0.000
112, chemistry, 0.000, 0.000, 0.000, 0.000, 0.000, 0.000, 0.000, 0.000
113, tkg, 0.000, 0.000, 0.000, 0.000, 0.000, 0.000, 0.000, 0.000
114, Molecular man, 0.000, 0.000, 0.000, 0.000, 0.000, 0.000, 0.000, 0.000
115, MartinChobanyan, 0.000, 0.000, 0.000, 0.000, 0.000, 0.000, 0.000, 0.000
116, Helgi, 0.000, 0.000, 0.000, 0.000, 0.000, 0.000, 0.000, 0.000
117, 6 CHAMPionS, 0.000, 0.000, 0.000, 0.000, 0.000, 0.000, 0.000, 0.000
118, Stephen Foster, 0.000, 0.000, 0.000, 0.000, 0.000, 0.000, 0.000, 0.000
119, physyuki, 0.000, 0.000, 0.000, 0.000, 0.000, 0.000, 0.000, 0.000
120, Yuko Ishizaki, 0.000, 0.000, 0.000, 0.000, 0.000, 0.000, 0.000, 0.000
121, XiaokangWang, 0.000, 0.000, 0.000, 0.000, 0.000, 0.000, 0.000, 0.000
122, SimonChen, 0.000, 0.000, 0.000, 0.000, 0.000, 0.000, 0.000, 0.000
123, Andy Atkinson, 0.000, 0.000, 0.000, 0.000, 0.000, 0.000, 0.000, 0.000
124, MA Junyi, 0.000, 0.000, 0.000, 0.000, 0.000, 0.000, 0.000, 0.000
125, Ubique, 0.000, 0.000, 0.000, 0.000, 0.000, 0.000, 0.000, 0.000
126, LightGBM, 0.000, 0.000, 0.000, 0.000, 0.000, 0.000, 0.000, 0.000
127, snovik, 0.000, 0.000, 0.000, 0.000, 0.000, 0.000, 0.000, 0.000
128, [odsai] Mihail Parushkin, 0.000, 0.000, 0.000, 0.000, 0.000, 0.000, 0.000, 0.000
129, Jordi Z, 0.000, 0.000, 0.000, 0.000, 0.000, 0.000, 0.000, 0.000
130, Morphy, 0.000, 0.000, 0.000, 0.000, 0.000, 0.000, 0.000, 0.000
131, TNT, 0.000, 0.000, 0.000, 0.000, 0.000, 0.000, 0.000, 0.000
132, AnhMeow, 0.000, 0.000, 0.000, 0.000, 0.000, 0.000, 0.000, 0.000
133, lHou, 0.000, 0.000, 0.000, 0.000, 0.000, 0.000, 0.000, 0.000
134, Charlie, 0.000, 0.000, 0.000, 0.000, 0.000, 0.000, 0.000, 0.000
135, RezaV, 0.000, 0.000, 0.000, 0.000, 0.000, 0.000, 0.000, 0.000
136, mhviraf, 0.000, 0.000, 0.000, 0.000, 0.000, 0.000, 0.000, 0.000
137, [odsai] GuineaPigAndGoose, 0.000, 0.000, 0.000, 0.000, 0.000, 0.000, 0.000, 0.000
138, Goose, 0.000, 0.000, 0.000, 0.000, 0.000, 0.000, 0.000, 0.000
139, Evgeny Rakcheev, 0.000, 0.000, 0.000, 0.000, 0.000, 0.000, 0.000, 0.000
140, cinco, 0.000, 0.000, 0.000, 0.000, 0.000, 0.000, 0.000, 0.000
141, 12345, 0.000, 0.000, 0.000, 0.000, 0.000, 0.000, 0.000, 0.000
142, KongliangYu, 0.000, 0.000, 0.000, 0.000, 0.000, 0.000, 0.000, 0.000
143, master, 0.000, 0.000, 0.000, 0.000, 0.000, 0.000, 0.000, 0.000
144, Venki Anand, 0.000, 0.000, 0.000, 0.000, 0.000, 0.000, 0.000, 0.000
145, Elahi, 0.000, 0.000, 0.000, 0.000, 0.000, 0.000, 0.000, 0.000
146, songkai_quantum, 0.000, 0.000, 0.000, 0.000, 0.000, 0.000, 0.000, 0.000
147, R MAT, 0.000, 0.000, 0.000, 0.000, 0.000, 0.000, 0.000, 0.000
148, attic, 0.000, 0.000, 0.000, 0.000, 0.000, 0.000, 0.000, 0.000
149, takunishino, 0.000, 0.000, 0.000, 0.000, 0.000, 0.000, 0.000, 0.000
150, SPQR [odsai], 0.000, 0.000, 0.000, 0.000, 0.000, 0.000, 0.000, 0.000
151, [odsai] il_buono, 0.000, 0.000, 0.000, 0.000, 0.000, 0.000, 0.000, 0.000
152, , 0.000, 0.000, 0.000, 0.000, 0.000, 0.000, 0.000, 0.000
153, Buffalo Spdwy, 0.000, 0.000, 0.000, 0.000, 0.000, 0.000, 0.000, 0.000
154, tknr, 0.000, 0.000, 0.000, 0.000, 0.000, 0.000, 0.000, 0.000
155, [odsai] belgraviton, 0.000, 0.000, 0.000, 0.000, 0.000, 0.000, 0.000, 0.000
156, Yi23333, 0.000, 0.000, 0.000, 0.000, 0.000, 0.000, 0.000, 0.000
157, [odsai] Vladimir Larin, 0.000, 0.000, 0.000, 0.000, 0.000, 0.000, 0.000, 0.000
158, dn, 0.000, 0.000, 0.000, 0.000, 0.000, 0.000, 0.000, 0.000
159, ML_Bear, 0.000, 0.000, 0.000, 0.000, 0.000, 0.000, 0.000, 0.000
160, emon, 0.000, 0.000, 0.000, 0.000, 0.000, 0.000, 0.000, 0.000
161, sergey5, 0.000, 0.000, 0.000, 0.000, 0.000, 0.000, 0.000, 0.000
162, YaGana SheriffHussaini, 0.000, 0.000, 0.000, 0.000, 0.000, 0.000, 0.000, 0.000
163, Boris Silantev, 0.000, 0.000, 0.000, 0.000, 0.000, 0.000, 0.000, 0.000
164, Joglife Tan, 0.000, 0.000, 0.000, 0.000, 0.000, 0.000, 0.000, 0.000
165, you1010kawa, 0.000, 0.000, 0.000, 0.000, 0.000, 0.000, 0.000, 0.000
166, Ryota, 0.000, 0.000, 0.000, 0.000, 0.000, 0.000, 0.000, 0.000
167, mandarinente, 0.000, 0.000, 0.000, 0.000, 0.000, 0.000, 0.000, 0.000
168, ML for CHAMPS, 0.000, 0.000, 0.000, 0.000, 0.000, 0.000, 0.000, 0.000
169, H20, 0.000, 0.000, 0.000, 0.000, 0.000, 0.000, 0.000, 0.000
170, Yoshihiro Zhongliang, 0.000, 0.000, 0.000, 0.000, 0.000, 0.000, 0.000, 0.000
171, atomic_kitchen, 0.000, 0.000, 0.000, 0.000, 0.000, 0.000, 0.000, 0.000
172, ykskks, 0.000, 0.000, 0.000, 0.000, 0.000, 0.000, 0.000, 0.000
173, Takuya Batake, 0.000, 0.000, 0.000, 0.000, 0.000, 0.000, 0.000, 0.000
174, who needs chemistry knowledge, 0.000, 0.000, 0.000, 0.000, 0.000, 0.000, 0.000, 0.000
175, bye, 0.000, 0.000, 0.000, 0.000, 0.000, 0.000, 0.000, 0.000
176, Khalil S, 0.000, 0.000, 0.000, 0.000, 0.000, 0.000, 0.000, 0.000
177, Autumnn, 0.000, 0.000, 0.000, 0.000, 0.000, 0.000, 0.000, 0.000
178, firstbloodY, 0.000, 0.000, 0.000, 0.000, 0.000, 0.000, 0.000, 0.000
179, Riza Isik, 0.000, 0.000, 0.000, 0.000, 0.000, 0.000, 0.000, 0.000
180, GurchetanSingh, 0.000, 0.000, 0.000, 0.000, 0.000, 0.000, 0.000, 0.000
181, Ahmed Mohy, 0.000, 0.000, 0.000, 0.000, 0.000, 0.000, 0.000, 0.000
182, BX, 0.000, 0.000, 0.000, 0.000, 0.000, 0.000, 0.000, 0.000
183, Soonhwan Kwon, 0.000, 0.000, 0.000, 0.000, 0.000, 0.000, 0.000, 0.000
184, patcruzchoihaostarsOfyou, 0.000, 0.000, 0.000, 0.000, 0.000, 0.000, 0.000, 0.000
185, yeonmin, 0.000, 0.000, 0.000, 0.000, 0.000, 0.000, 0.000, 0.000
186, Karsten Tiemann, 0.000, 0.000, 0.000, 0.000, 0.000, 0.000, 0.000, 0.000
187, EvgenyG, 0.000, 0.000, 0.000, 0.000, 0.000, 0.000, 0.000, 0.000
188, molatomic, 0.000, 0.000, 0.000, 0.000, 0.000, 0.000, 0.000, 0.000
189, [dbchainai]Ly, 0.000, 0.000, 0.000, 0.000, 0.000, 0.000, 0.000, 0.000
190, RandomGuy, 0.000, 0.000, 0.000, 0.000, 0.000, 0.000, 0.000, 0.000
191, dan1234 [odsai], 0.000, 0.000, 0.000, 0.000, 0.000, 0.000, 0.000, 0.000
192, MG_SIR, 0.000, 0.000, 0.000, 0.000, 0.000, 0.000, 0.000, 0.000
193, SumiKagglers, 0.000, 0.000, 0.000, 0.000, 0.000, 0.000, 0.000, 0.000
194, Dondon2019, 0.000, 0.000, 0.000, 0.000, 0.000, 0.000, 0.000, 0.000
195, leizhanggame, 0.000, 0.000, 0.000, 0.000, 0.000, 0.000, 0.000, 0.000
196, mewmew333, 0.000, 0.000, 0.000, 0.000, 0.000, 0.000, 0.000, 0.000
197, jinjingxu, 0.000, 0.000, 0.000, 0.000, 0.000, 0.000, 0.000, 0.000
198, rpeer, 0.000, 0.000, 0.000, 0.000, 0.000, 0.000, 0.000, 0.000
199, kimkim666, 0.000, 0.000, 0.000, 0.000, 0.000, 0.000, 0.000, 0.000
200, mobmob393, 0.000, 0.000, 0.000, 0.000, 0.000, 0.000, 0.000, 0.000
201, Data O Plomo, 0.000, 0.000, 0.000, 0.000, 0.000, 0.000, 0.000, 0.000
202, EdgarPE, 0.000, 0.000, 0.000, 0.000, 0.000, 0.000, 0.000, 0.000
203, mashdi, 0.000, 0.000, 0.000, 0.000, 0.000, 0.000, 0.000, 0.000
204, Simon S, 0.000, 0.000, 0.000, 0.000, 0.000, 0.000, 0.000, 0.000
205, Molecular Regressor, 0.000, 0.000, 0.000, 0.000, 0.000, 0.000, 0.000, 0.000
206, lukaszl, 0.000, 0.000, 0.000, 0.000, 0.000, 0.000, 0.000, 0.000
207, Marcelo Tamashiro, 0.000, 0.000, 0.000, 0.000, 0.000, 0.000, 0.000, 0.000
208, C2H5OH, 0.000, 0.000, 0.000, 0.000, 0.000, 0.000, 0.000, 0.000
209, hjuinj, 0.000, 0.000, 0.000, 0.000, 0.000, 0.000, 0.000, 0.000
210, Navi222(Unknown format), 0.000, 0.000, 0.000, 0.000, 0.000, 0.000, 0.000, 0.000
211, arunpoochelvanai, 0.000, 0.000, 0.000, 0.000, 0.000, 0.000, 0.000, 0.000
212, mrxnew, 0.000, 0.000, 0.000, 0.000, 0.000, 0.000, 0.000, 0.000
213, [odsai] Rexhaif, 0.000, 0.000, 0.000, 0.000, 0.000, 0.000, 0.000, 0.000
214, Rose Merried, 0.000, 0.000, 0.000, 0.000, 0.000, 0.000, 0.000, 0.000
215, Nivetha Poochelvan, 0.000, 0.000, 0.000, 0.000, 0.000, 0.000, 0.000, 0.000
217, wen hao, 0.000, 0.000, 0.000, 0.000, 0.000, 0.000, 0.000, 0.000
218, a1178615156, 0.000, 0.000, 0.000, 0.000, 0.000, 0.000, 0.000, 0.000
219, andrekos, 0.000, 0.000, 0.000, 0.000, 0.000, 0.000, 0.000, 0.000
220, John Kyvetos, 0.000, 0.000, 0.000, 0.000, 0.000, 0.000, 0.000, 0.000
221, Ziteng, 0.000, 0.000, 0.000, 0.000, 0.000, 0.000, 0.000, 0.000
222, Just Me, 0.000, 0.000, 0.000, 0.000, 0.000, 0.000, 0.000, 0.000
223, AlexKoch, 0.000, 0.000, 0.000, 0.000, 0.000, 0.000, 0.000, 0.000
224, Tomoya Horiuchi, 0.000, 0.000, 0.000, 0.000, 0.000, 0.000, 0.000, 0.000
225, CV_qishao, 0.000, 0.000, 0.000, 0.000, 0.000, 0.000, 0.000, 0.000
226, Germanpotato, 0.000, 0.000, 0.000, 0.000, 0.000, 0.000, 0.000, 0.000
227, Jacob, 0.000, 0.000, 0.000, 0.000, 0.000, 0.000, 0.000, 0.000
228, kyonkyoco, 0.000, 0.000, 0.000, 0.000, 0.000, 0.000, 0.000, 0.000
229, Adel Valiullin, 0.000, 0.000, 0.000, 0.000, 0.000, 0.000, 0.000, 0.000
230, Duyen Duong Lam Cau, 0.000, 0.000, 0.000, 0.000, 0.000, 0.000, 0.000, 0.000
231, GorakGarak, 0.000, 0.000, 0.000, 0.000, 0.000, 0.000, 0.000, 0.000
232, No Domain Knowledge, 0.000, 0.000, 0.000, 0.000, 0.000, 0.000, 0.000, 0.000
233, PeterM, 0.000, 0.000, 0.000, 0.000, 0.000, 0.000, 0.000, 0.000
234, fkubota, 0.000, 0.000, 0.000, 0.000, 0.000, 0.000, 0.000, 0.000
235, devai01, 0.000, 0.000, 0.000, 0.000, 0.000, 0.000, 0.000, 0.000
236, Shinsei66, 0.000, 0.000, 0.000, 0.000, 0.000, 0.000, 0.000, 0.000
237, konbuiyon, 0.000, 0.000, 0.000, 0.000, 0.000, 0.000, 0.000, 0.000
238, PenghaoWang_supersaiyan, 0.000, 0.000, 0.000, 0.000, 0.000, 0.000, 0.000, 0.000
239, Nico Odulio, 0.000, 0.000, 0.000, 0.000, 0.000, 0.000, 0.000, 0.000
240, kawanot, 0.000, 0.000, 0.000, 0.000, 0.000, 0.000, 0.000, 0.000
241, kiyomomo, 0.000, 0.000, 0.000, 0.000, 0.000, 0.000, 0.000, 0.000
242, Aki Sheeran, 0.000, 0.000, 0.000, 0.000, 0.000, 0.000, 0.000, 0.000
243, ueonofei, 0.000, 0.000, 0.000, 0.000, 0.000, 0.000, 0.000, 0.000
244, ZXAI_A1801, 0.000, 0.000, 0.000, 0.000, 0.000, 0.000, 0.000, 0.000
245, ZX_, 0.000, 0.000, 0.000, 0.000, 0.000, 0.000, 0.000, 0.000
246, Ernesto Budia, 0.000, 0.000, 0.000, 0.000, 0.000, 0.000, 0.000, 0.000
247, MoleculesHunter, 0.000, 0.000, 0.000, 0.000, 0.000, 0.000, 0.000, 0.000
248, SeeMolecular, 0.000, 0.000, 0.000, 0.000, 0.000, 0.000, 0.000, 0.000
249, Kaggle50, 0.000, 0.000, 0.000, 0.000, 0.000, 0.000, 0.000, 0.000
250, Mishunyayev Nikita, 0.000, 0.000, 0.000, 0.000, 0.000, 0.000, 0.000, 0.000
251, kawahiro, 0.000, 0.000, 0.000, 0.000, 0.000, 0.000, 0.000, 0.000
252, Late to merger, 0.000, 0.000, 0.000, 0.000, 0.000, 0.000, 0.000, 0.000
253, Vladimir Boichenko, 0.000, 0.000, 0.000, 0.000, 0.000, 0.000, 0.000, 0.000
254, Ivan Panshin, 0.000, 0.000, 0.000, 0.000, 0.000, 0.000, 0.000, 0.000
255, Heng CherKeng, 0.000, 0.000, 0.000, 0.000, 0.000, 0.000, 0.000, 0.000
256, Toro, 0.000, 0.000, 0.000, 0.000, 0.000, 0.000, 0.000, 0.000
257, HelloW10, 0.000, 0.000, 0.000, 0.000, 0.000, 0.000, 0.000, 0.000
258, Koyano, 0.000, 0.000, 0.000, 0.000, 0.000, 0.000, 0.000, 0.000
259, Wa666, 0.000, 0.000, 0.000, 0.000, 0.000, 0.000, 0.000, 0.000
260, Going deeper, 0.000, 0.000, 0.000, 0.000, 0.000, 0.000, 0.000, 0.000
261, SongYing, 0.000, 0.000, 0.000, 0.000, 0.000, 0.000, 0.000, 0.000
262, [odsai] ms, 0.000, 0.000, 0.000, 0.000, 0.000, 0.000, 0.000, 0.000
263, [odsai] bobbqe, 0.000, 0.000, 0.000, 0.000, 0.000, 0.000, 0.000, 0.000
264, yunhu ye, 0.000, 0.000, 0.000, 0.000, 0.000, 0.000, 0.000, 0.000
265, Comparus AI, 0.000, 0.000, 0.000, 0.000, 0.000, 0.000, 0.000, 0.000
266, Vladimir Demidov, 0.000, 0.000, 0.000, 0.000, 0.000, 0.000, 0.000, 0.000
267, dairatom, 0.000, 0.000, 0.000, 0.000, 0.000, 0.000, 0.000, 0.000
268, Branden Spencer, 0.000, 0.000, 0.000, 0.000, 0.000, 0.000, 0.000, 0.000
269, Deep Overflow, 0.000, 0.000, 0.000, 0.000, 0.000, 0.000, 0.000, 0.000
270, Aicanghai_Smile, 0.000, 0.000, 0.000, 0.000, 0.000, 0.000, 0.000, 0.000
271, Flavien Gelineau, 0.000, 0.000, 0.000, 0.000, 0.000, 0.000, 0.000, 0.000
272, Scirpus, 0.000, 0.000, 0.000, 0.000, 0.000, 0.000, 0.000, 0.000
273, gaosq0604, 0.000, 0.000, 0.000, 0.000, 0.000, 0.000, 0.000, 0.000
274, Mathurin Ach, 0.000, 0.000, 0.000, 0.000, 0.000, 0.000, 0.000, 0.000
275, huiqin, 0.000, 0.000, 0.000, 0.000, 0.000, 0.000, 0.000, 0.000
276, Anto, 0.000, 0.000, 0.000, 0.000, 0.000, 0.000, 0.000, 0.000
277, ume08, 0.000, 0.000, 0.000, 0.000, 0.000, 0.000, 0.000, 0.000
278, Amit Kumar Jaiswal, 0.000, 0.000, 0.000, 0.000, 0.000, 0.000, 0.000, 0.000
279, Puck Wang, 0.000, 0.000, 0.000, 0.000, 0.000, 0.000, 0.000, 0.000
280, Jingyuan Chen, 0.000, 0.000, 0.000, 0.000, 0.000, 0.000, 0.000, 0.000
281, ManojPrabhakar, 0.000, 0.000, 0.000, 0.000, 0.000, 0.000, 0.000, 0.000
282, londalemex, 0.000, 0.000, 0.000, 0.000, 0.000, 0.000, 0.000, 0.000
283, Tan Fengji, 0.000, 0.000, 0.000, 0.000, 0.000, 0.000, 0.000, 0.000
284, jemiam, 0.000, 0.000, 0.000, 0.000, 0.000, 0.000, 0.000, 0.000
285, ChKranthi Kumar, 0.000, 0.000, 0.000, 0.000, 0.000, 0.000, 0.000, 0.000
286, littlexiaogui, 0.000, 0.000, 0.000, 0.000, 0.000, 0.000, 0.000, 0.000
287, Bai Yizhe, 0.000, 0.000, 0.000, 0.000, 0.000, 0.000, 0.000, 0.000
288, Mike G, 0.000, 0.000, 0.000, 0.000, 0.000, 0.000, 0.000, 0.000
289, Kang, 0.000, 0.000, 0.000, 0.000, 0.000, 0.000, 0.000, 0.000
290, Anthony Onwuli, 0.000, 0.000, 0.000, 0.000, 0.000, 0.000, 0.000, 0.000
291, lose with dignity, 0.000, 0.000, 0.000, 0.000, 0.000, 0.000, 0.000, 0.000
292, Gideon Vos, 0.000, 0.000, 0.000, 0.000, 0.000, 0.000, 0.000, 0.000
293, GraphConv Champions, 0.000, 0.000, 0.000, 0.000, 0.000, 0.000, 0.000, 0.000
294, Toulousains, 0.000, 0.000, 0.000, 0.000, 0.000, 0.000, 0.000, 0.000
295, Marek, 0.000, 0.000, 0.000, 0.000, 0.000, 0.000, 0.000, 0.000
296, SatoYuki, 0.000, 0.000, 0.000, 0.000, 0.000, 0.000, 0.000, 0.000
297, Taylor, 0.000, 0.000, 0.000, 0.000, 0.000, 0.000, 0.000, 0.000
298, TrungNguyen, 0.000, 0.000, 0.000, 0.000, 0.000, 0.000, 0.000, 0.000
299, Koozyt_Hiperdyne, 0.000, 0.000, 0.000, 0.000, 0.000, 0.000, 0.000, 0.000
300, Lang Sys, 0.000, 0.000, 0.000, 0.000, 0.000, 0.000, 0.000, 0.000
301, , 0.000, 0.000, 0.000, 0.000, 0.000, 0.000, 0.000, 0.000
302, Justin Faler, 0.000, 0.000, 0.000, 0.000, 0.000, 0.000, 0.000, 0.000
303, Kagengers, 0.000, 0.000, 0.000, 0.000, 0.000, 0.000, 0.000, 0.000
304, , 0.000, 0.000, 0.000, 0.000, 0.000, 0.000, 0.000, 0.000
305, Cshire, 0.000, 0.000, 0.000, 0.000, 0.000, 0.000, 0.000, 0.000
306, Vincent Lugat, 0.000, 0.000, 0.000, 0.000, 0.000, 0.000, 0.000, 0.000
307, Steve Jenkins, 0.000, 0.000, 0.000, 0.000, 0.000, 0.000, 0.000, 0.000
308, Team Toll, 0.000, 0.000, 0.000, 0.000, 0.000, 0.000, 0.000, 0.000
309, CS, 0.000, 0.000, 0.000, 0.000, 0.000, 0.000, 0.000, 0.000
310, linkedincominphilipphil, 0.000, 0.000, 0.000, 0.000, 0.000, 0.000, 0.000, 0.000
311, Abdelwahed Assklou, 0.000, 0.000, 0.000, 0.000, 0.000, 0.000, 0.000, 0.000
312, alijs, 0.000, 0.000, 0.000, 0.000, 0.000, 0.000, 0.000, 0.000
313, therealmathisk, 0.000, 0.000, 0.000, 0.000, 0.000, 0.000, 0.000, 0.000
321, mochidan, 0.000, 0.000, 0.000, 0.000, 0.000, 0.000, 0.000, 0.000
328, Nika Zhidkonozhkina, 0.000, 0.000, 0.000, 0.000, 0.000, 0.000, 0.000, 0.000
329, Nefsi, 0.000, 0.000, 0.000, 0.000, 0.000, 0.000, 0.000, 0.000
330, Eran Aharonovich, 0.000, 0.000, 0.000, 0.000, 0.000, 0.000, 0.000, 0.000
332, roush, 0.000, 0.000, 0.000, 0.000, 0.000, 0.000, 0.000, 0.000
333, guoming, 0.000, 0.000, 0.000, 0.000, 0.000, 0.000, 0.000, 0.000
334, sakki55, 0.000, 0.000, 0.000, 0.000, 0.000, 0.000, 0.000, 0.000
335, Dhananjay Raut, 0.000, 0.000, 0.000, 0.000, 0.000, 0.000, 0.000, 0.000
336, SVJDataGeek, 0.000, 0.000, 0.000, 0.000, 0.000, 0.000, 0.000, 0.000
337, Noah Weber, 0.000, 0.000, 0.000, 0.000, 0.000, 0.000, 0.000, 0.000
340, , 0.000, 0.000, 0.000, 0.000, 0.000, 0.000, 0.000, 0.000
341, alexx, 0.000, 0.000, 0.000, 0.000, 0.000, 0.000, 0.000, 0.000
342, Ibrahim Cebeci, 0.000, 0.000, 0.000, 0.000, 0.000, 0.000, 0.000, 0.000
343, , 0.000, 0.000, 0.000, 0.000, 0.000, 0.000, 0.000, 0.000
344, Irina Petrova, 0.000, 0.000, 0.000, 0.000, 0.000, 0.000, 0.000, 0.000
345, Balast, 0.000, 0.000, 0.000, 0.000, 0.000, 0.000, 0.000, 0.000
346, Ronnie Wang, 0.000, 0.000, 0.000, 0.000, 0.000, 0.000, 0.000, 0.000
347, silverstone, 0.000, 0.000, 0.000, 0.000, 0.000, 0.000, 0.000, 0.000
348, Tatiana Malygina, 0.000, 0.000, 0.000, 0.000, 0.000, 0.000, 0.000, 0.000
349, Tbone, 0.000, 0.000, 0.000, 0.000, 0.000, 0.000, 0.000, 0.000
350, SciRenovation, 0.000, 0.000, 0.000, 0.000, 0.000, 0.000, 0.000, 0.000
351, , 0.000, 0.000, 0.000, 0.000, 0.000, 0.000, 0.000, 0.000
352, Markus Wittkowski, 0.000, 0.000, 0.000, 0.000, 0.000, 0.000, 0.000, 0.000
353, qwtsc, 0.000, 0.000, 0.000, 0.000, 0.000, 0.000, 0.000, 0.000
354, sandy1112, 0.000, 0.000, 0.000, 0.000, 0.000, 0.000, 0.000, 0.000
355, Kwangnam Yu, 0.000, 0.000, 0.000, 0.000, 0.000, 0.000, 0.000, 0.000
356, Jack nick, 0.000, 0.000, 0.000, 0.000, 0.000, 0.000, 0.000, 0.000
357, DmitryBuslov, 0.000, 0.000, 0.000, 0.000, 0.000, 0.000, 0.000, 0.000
358, Gultekin Gunduz, 0.000, 0.000, 0.000, 0.000, 0.000, 0.000, 0.000, 0.000
359, ShB, 0.000, 0.000, 0.000, 0.000, 0.000, 0.000, 0.000, 0.000
360, Hashem Alsaket, 0.000, 0.000, 0.000, 0.000, 0.000, 0.000, 0.000, 0.000
361, hedingkun, 0.000, 0.000, 0.000, 0.000, 0.000, 0.000, 0.000, 0.000
362, 2 Sabanci 1 Adam IHK, 0.000, 0.000, 0.000, 0.000, 0.000, 0.000, 0.000, 0.000
363, Ray777, 0.000, 0.000, 0.000, 0.000, 0.000, 0.000, 0.000, 0.000
364, Bruce Tilton, 0.000, 0.000, 0.000, 0.000, 0.000, 0.000, 0.000, 0.000
366, , 0.000, 0.000, 0.000, 0.000, 0.000, 0.000, 0.000, 0.000
367, Ravijeet, 0.000, 0.000, 0.000, 0.000, 0.000, 0.000, 0.000, 0.000
368, Paulo Pinto, 0.000, 0.000, 0.000, 0.000, 0.000, 0.000, 0.000, 0.000
369, Giorgos and Pets, 0.000, 0.000, 0.000, 0.000, 0.000, 0.000, 0.000, 0.000
370, PrasunMishra, 0.000, 0.000, 0.000, 0.000, 0.000, 0.000, 0.000, 0.000
371, lichen, 0.000, 0.000, 0.000, 0.000, 0.000, 0.000, 0.000, 0.000
372, Jaime Badiola, 0.000, 0.000, 0.000, 0.000, 0.000, 0.000, 0.000, 0.000
373, ChiaTa Tsai, 0.000, 0.000, 0.000, 0.000, 0.000, 0.000, 0.000, 0.000
374, asteriam, 0.000, 0.000, 0.000, 0.000, 0.000, 0.000, 0.000, 0.000
375, JuanSolo Francis Bedingfield, 0.000, 0.000, 0.000, 0.000, 0.000, 0.000, 0.000, 0.000
376, Mr Nik, 0.000, 0.000, 0.000, 0.000, 0.000, 0.000, 0.000, 0.000
377, ZuoVJ, 0.000, 0.000, 0.000, 0.000, 0.000, 0.000, 0.000, 0.000
378, Ihor Shylo, 0.000, 0.000, 0.000, 0.000, 0.000, 0.000, 0.000, 0.000
379, OgushiMasaya, 0.000, 0.000, 0.000, 0.000, 0.000, 0.000, 0.000, 0.000
380, sssdds, 0.000, 0.000, 0.000, 0.000, 0.000, 0.000, 0.000, 0.000
381, Joo Pedro Peinado, 0.000, 0.000, 0.000, 0.000, 0.000, 0.000, 0.000, 0.000
382, funkyboy, 0.000, 0.000, 0.000, 0.000, 0.000, 0.000, 0.000, 0.000
383, NxGTR, 0.000, 0.000, 0.000, 0.000, 0.000, 0.000, 0.000, 0.000
384, OU, 0.000, 0.000, 0.000, 0.000, 0.000, 0.000, 0.000, 0.000
385, Michel ML, 0.000, 0.000, 0.000, 0.000, 0.000, 0.000, 0.000, 0.000
386, skyneteyes, 0.000, 0.000, 0.000, 0.000, 0.000, 0.000, 0.000, 0.000
387, AlexVale, 0.000, 0.000, 0.000, 0.000, 0.000, 0.000, 0.000, 0.000
388, [odsai] Dmitriy Ershov, 0.000, 0.000, 0.000, 0.000, 0.000, 0.000, 0.000, 0.000
389, Omar, 0.000, 0.000, 0.000, 0.000, 0.000, 0.000, 0.000, 0.000
390, Andrew Zolotarev, 0.000, 0.000, 0.000, 0.000, 0.000, 0.000, 0.000, 0.000
391, Raghawendra Singh, 0.000, 0.000, 0.000, 0.000, 0.000, 0.000, 0.000, 0.000
392, suda, 0.000, 0.000, 0.000, 0.000, 0.000, 0.000, 0.000, 0.000
393, Pietro and Arthur and Luca, 0.000, 0.000, 0.000, 0.000, 0.000, 0.000, 0.000, 0.000
394, lynesyChen, 0.000, 0.000, 0.000, 0.000, 0.000, 0.000, 0.000, 0.000
395, takaakiinada, 0.000, 0.000, 0.000, 0.000, 0.000, 0.000, 0.000, 0.000
396, Saurabh7, 0.000, 0.000, 0.000, 0.000, 0.000, 0.000, 0.000, 0.000
397, Serigne, 0.000, 0.000, 0.000, 0.000, 0.000, 0.000, 0.000, 0.000
398, Alexander Kovalev, 0.000, 0.000, 0.000, 0.000, 0.000, 0.000, 0.000, 0.000
399, hatry, 0.000, 0.000, 0.000, 0.000, 0.000, 0.000, 0.000, 0.000
400, kamakal_vectors, 0.000, 0.000, 0.000, 0.000, 0.000, 0.000, 0.000, 0.000
